replicate,null_attr_pct
1,29.368976177486815
2,28.023276959447173
3,30.478268776141114
4,29.45990180032733
5,29.732678668848884
6,29.096199308965264
7,28.659756319330786
8,28.33242407710493
9,28.805237315875615
10,29.296235679214405
11,28.441534824513546
12,28.56883069649027
13,28.150572831423897
14,30.35097290416439
15,28.51427532278596
16,29.550827423167846
17,29.314420803782504
18,28.423349699945444
19,29.441716675759228
20,28.25968357883252
21,28.805237315875615
22,29.514457174031644
23,29.550827423167846
24,28.823422440443718
25,29.405346426623026
26,29.078014184397162
27,29.078014184397162
28,28.78705219130751
29,29.096199308965264
30,29.750863793416986
31,29.023458810692855
32,29.00527368612475
33,29.350791052918712
34,28.423349699945444
35,29.132569558101473
36,28.25968357883252
37,30.260047281323878
38,28.877977814148025
39,29.42353155119112
40,29.18712493180578
41,28.877977814148025
42,28.56883069649027
43,28.696126568466994
44,29.45990180032733
45,29.16893980723768
46,28.96890343698854
47,28.805237315875615
48,29.64175304600837
49,28.56883069649027
50,29.059829059829063
51,28.49609019821786
52,28.93253318785234
53,29.15075468266958
54,28.823422440443718
55,28.805237315875615
56,28.78705219130751
57,28.987088561556646
58,29.078014184397162
59,29.441716675759228
60,29.441716675759228
61,29.750863793416986
62,29.041643935260957
63,29.15075468266958
64,28.805237315875615
65,28.441534824513546
66,28.641571194762683
67,29.259865430078197
68,29.096199308965264
69,28.659756319330786
70,29.059829059829063
71,28.823422440443718
72,29.696308419712675
73,28.96890343698854
74,29.514457174031644
75,29.18712493180578
76,28.7143116930351
77,30.369158028732496
78,28.89616293871613
79,29.11438443353337
80,28.841607565011824
81,28.29605382796872
82,29.878159665393706
83,29.60538279687216
84,29.969085288234226
85,29.769048917985085
86,28.93253318785234
87,29.096199308965264
88,29.769048917985085
89,28.22331332969631
90,29.659938170576467
91,28.914348063284233
92,28.56883069649027
93,29.98727041280233
94,28.823422440443718
95,28.93253318785234
96,29.132569558101473
97,28.477905073649758
98,28.423349699945444
99,28.914348063284233
100,29.98727041280233
101,28.805237315875615
102,29.296235679214405
103,28.78705219130751
104,28.89616293871613
105,28.60520094562648
106,29.241680305510094
107,28.49609019821786
108,28.53246044735406
109,28.459719949081652
110,29.514457174031644
111,29.15075468266958
112,28.67794144389889
113,28.805237315875615
114,29.00527368612475
115,28.7324968176032
116,30.04182578650664
117,28.696126568466994
118,27.6232042189489
119,28.29605382796872
120,29.514457174031644
121,29.350791052918712
122,28.60520094562648
123,28.96890343698854
124,29.00527368612475
125,28.96890343698854
126,29.078014184397162
127,29.350791052918712
128,27.823240589198033
129,29.22349518094199
130,29.42353155119112
131,29.259865430078197
132,29.587197672304054
133,29.059829059829063
134,29.16893980723768
135,28.477905073649758
136,28.00509183487907
137,29.587197672304054
138,28.67794144389889
139,29.78723404255319
140,29.296235679214405
141,29.078014184397162
142,28.659756319330786
143,28.25968357883252
144,29.45990180032733
145,28.89616293871613
146,29.296235679214405
147,29.023458810692855
148,28.805237315875615
149,28.67794144389889
150,28.25968357883252
151,28.168757955991996
152,28.841607565011824
153,29.278050554646303
154,29.405346426623026
155,28.7506819421713
156,28.859792689579923
157,29.205310056373886
158,28.00509183487907
159,28.93253318785234
160,28.93253318785234
161,29.241680305510094
162,29.659938170576467
163,28.805237315875615
164,29.33260592835061
165,30.00545553737043
166,28.877977814148025
167,29.8417894162575
168,28.914348063284233
169,28.314238952536826
170,28.25968357883252
171,29.914529914529915
172,28.423349699945444
173,29.441716675759228
174,29.38716130205492
175,28.877977814148025
176,29.314420803782504
177,29.8236042916894
178,28.205128205128204
179,28.859792689579923
180,30.587379523549735
181,28.768867066739407
182,29.42353155119112
183,28.550645571922168
184,29.42353155119112
185,29.514457174031644
186,29.16893980723768
187,28.67794144389889
188,28.56883069649027
189,29.769048917985085
190,28.696126568466994
191,29.15075468266958
192,28.877977814148025
193,29.8417894162575
194,29.15075468266958
195,29.33260592835061
196,29.00527368612475
197,29.078014184397162
198,28.859792689579923
199,29.950900163666123
200,29.205310056373886
201,29.16893980723768
202,29.769048917985085
203,28.805237315875615
204,28.150572831423897
205,29.659938170576467
206,28.60520094562648
207,29.659938170576467
208,28.53246044735406
209,29.16893980723768
210,29.205310056373886
211,28.641571194762683
212,29.750863793416986
213,29.350791052918712
214,30.787415893798876
215,28.96890343698854
216,28.859792689579923
217,29.805419167121293
218,28.877977814148025
219,29.259865430078197
220,29.096199308965264
221,29.132569558101473
222,28.95071831242044
223,29.205310056373886
224,28.550645571922168
225,28.40516457537734
226,29.42353155119112
227,29.64175304600837
228,28.49609019821786
229,29.60538279687216
230,28.623386070194577
231,29.441716675759228
232,28.768867066739407
233,29.78723404255319
234,28.696126568466994
235,28.641571194762683
236,28.29605382796872
237,29.56901254773595
238,29.11438443353337
239,29.059829059829063
240,28.696126568466994
241,29.18712493180578
242,28.641571194762683
243,29.11438443353337
244,29.38716130205492
245,29.42353155119112
246,29.241680305510094
247,29.132569558101473
248,30.56919439898163
249,29.8417894162575
250,30.223677032187666
251,29.49627204946354
252,28.768867066739407
253,28.696126568466994
254,29.259865430078197
255,28.859792689579923
256,27.168576104746318
257,29.49627204946354
258,29.00527368612475
259,29.059829059829063
260,29.16893980723768
261,29.405346426623026
262,28.877977814148025
263,27.968721585742863
264,29.878159665393706
265,29.22349518094199
266,29.587197672304054
267,29.714493544280778
268,28.823422440443718
269,29.714493544280778
270,28.914348063284233
271,28.67794144389889
272,29.278050554646303
273,29.45990180032733
274,28.841607565011824
275,29.205310056373886
276,28.7324968176032
277,29.205310056373886
278,28.7143116930351
279,29.33260592835061
280,29.096199308965264
281,28.51427532278596
282,28.859792689579923
283,28.22331332969631
284,28.823422440443718
285,29.11438443353337
286,28.550645571922168
287,28.78705219130751
288,28.623386070194577
289,29.041643935260957
290,29.22349518094199
291,29.16893980723768
292,28.877977814148025
293,28.96890343698854
294,29.18712493180578
295,29.18712493180578
296,29.64175304600837
297,29.45990180032733
298,28.877977814148025
299,28.51427532278596
300,29.296235679214405
301,28.823422440443718
302,28.7143116930351
303,29.22349518094199
304,29.278050554646303
305,29.623567921440262
306,29.859974540825608
307,29.205310056373886
308,28.587015821058376
309,29.587197672304054
310,29.041643935260957
311,29.714493544280778
312,29.78723404255319
313,28.7324968176032
314,29.714493544280778
315,28.696126568466994
316,29.132569558101473
317,29.18712493180578
318,29.041643935260957
319,29.38716130205492
320,29.45990180032733
321,28.550645571922168
322,29.60538279687216
323,29.278050554646303
324,28.78705219130751
325,29.350791052918712
326,29.8417894162575
327,28.696126568466994
328,28.823422440443718
329,29.205310056373886
330,29.15075468266958
331,28.11420258228769
332,28.841607565011824
333,29.078014184397162
334,29.514457174031644
335,29.18712493180578
336,27.805055464629934
337,29.659938170576467
338,28.859792689579923
339,28.53246044735406
340,29.15075468266958
341,28.60520094562648
342,28.768867066739407
343,28.423349699945444
344,29.56901254773595
345,28.07783233315148
346,29.132569558101473
347,28.7324968176032
348,29.096199308965264
349,30.27823240589198
350,28.89616293871613
351,28.914348063284233
352,29.89634478996181
353,29.623567921440262
354,28.89616293871613
355,28.696126568466994
356,28.841607565011824
357,28.96890343698854
358,30.09638116021095
359,29.205310056373886
360,28.33242407710493
361,28.386979450809235
362,28.805237315875615
363,28.96890343698854
364,28.29605382796872
365,29.278050554646303
366,28.49609019821786
367,28.768867066739407
368,29.132569558101473
369,29.532642298599743
370,28.477905073649758
371,28.987088561556646
372,28.550645571922168
373,28.7143116930351
374,29.296235679214405
375,29.278050554646303
376,29.132569558101473
377,29.696308419712675
378,28.459719949081652
379,29.350791052918712
380,28.60520094562648
381,29.132569558101473
382,29.532642298599743
383,29.659938170576467
384,29.023458810692855
385,28.93253318785234
386,29.98727041280233
387,29.15075468266958
388,28.205128205128204
389,29.132569558101473
390,30.09638116021095
391,29.45990180032733
392,28.40516457537734
393,29.023458810692855
394,28.89616293871613
395,28.29605382796872
396,29.314420803782504
397,29.750863793416986
398,29.60538279687216
399,29.405346426623026
400,29.11438443353337
401,29.659938170576467
402,29.532642298599743
403,29.33260592835061
404,28.368794326241137
405,28.805237315875615
406,29.132569558101473
407,28.67794144389889
408,28.89616293871613
409,29.350791052918712
410,29.041643935260957
411,30.187306783051465
412,29.11438443353337
413,29.16893980723768
414,29.314420803782504
415,29.33260592835061
416,28.477905073649758
417,28.350609201673034
418,29.550827423167846
419,29.769048917985085
420,29.714493544280778
421,28.11420258228769
422,29.18712493180578
423,28.914348063284233
424,29.805419167121293
425,30.241862156755772
426,29.587197672304054
427,28.841607565011824
428,29.8236042916894
429,28.241498454264413
430,28.241498454264413
431,28.22331332969631
432,28.987088561556646
433,29.00527368612475
434,28.29605382796872
435,29.49627204946354
436,28.386979450809235
437,28.93253318785234
438,29.041643935260957
439,30.00545553737043
440,29.8236042916894
441,28.841607565011824
442,30.55100927441353
443,28.314238952536826
444,28.51427532278596
445,28.33242407710493
446,28.805237315875615
447,29.805419167121293
448,29.00527368612475
449,28.877977814148025
450,28.29605382796872
451,28.7506819421713
452,29.241680305510094
453,28.659756319330786
454,29.241680305510094
455,28.96890343698854
456,29.42353155119112
457,29.259865430078197
458,29.56901254773595
459,28.314238952536826
460,29.914529914529915
461,29.296235679214405
462,29.096199308965264
463,29.38716130205492
464,29.278050554646303
465,29.059829059829063
466,29.49627204946354
467,29.041643935260957
468,29.805419167121293
469,27.84142571376614
470,28.805237315875615
471,30.260047281323878
472,29.659938170576467
473,28.659756319330786
474,29.878159665393706
475,29.49627204946354
476,27.89598108747045
477,29.67812329514457
478,29.859974540825608
479,28.07783233315148
480,29.60538279687216
481,29.33260592835061
482,28.459719949081652
483,28.93253318785234
484,28.29605382796872
485,29.350791052918712
486,29.22349518094199
487,28.51427532278596
488,28.441534824513546
489,29.041643935260957
490,28.49609019821786
491,28.805237315875615
492,29.205310056373886
493,29.368976177486815
494,29.38716130205492
495,29.205310056373886
496,28.93253318785234
497,29.22349518094199
498,28.641571194762683
499,28.368794326241137
500,28.95071831242044
501,28.93253318785234
502,29.587197672304054
503,30.132751409347154
504,29.15075468266958
505,29.041643935260957
506,28.768867066739407
507,28.659756319330786
508,29.45990180032733
509,29.18712493180578
510,29.33260592835061
511,28.696126568466994
512,28.78705219130751
513,29.478086924895436
514,29.696308419712675
515,28.641571194762683
516,29.18712493180578
517,29.22349518094199
518,28.877977814148025
519,29.405346426623026
520,28.550645571922168
521,29.205310056373886
522,29.041643935260957
523,29.078014184397162
524,28.205128205128204
525,28.7324968176032
526,29.45990180032733
527,29.42353155119112
528,29.296235679214405
529,29.278050554646303
530,28.205128205128204
531,28.987088561556646
532,27.986906710310965
533,29.750863793416986
534,28.805237315875615
535,29.350791052918712
536,29.732678668848884
537,29.078014184397162
538,28.56883069649027
539,29.314420803782504
540,28.550645571922168
541,29.132569558101473
542,29.023458810692855
543,29.18712493180578
544,28.805237315875615
545,28.49609019821786
546,28.56883069649027
547,28.40516457537734
548,28.641571194762683
549,29.550827423167846
550,29.15075468266958
551,29.78723404255319
552,29.49627204946354
553,29.405346426623026
554,28.059647208583378
555,28.987088561556646
556,29.441716675759228
557,29.296235679214405
558,28.93253318785234
559,29.805419167121293
560,28.25968357883252
561,29.00527368612475
562,29.478086924895436
563,28.987088561556646
564,28.477905073649758
565,29.550827423167846
566,28.93253318785234
567,28.805237315875615
568,29.49627204946354
569,28.587015821058376
570,28.7324968176032
571,28.314238952536826
572,29.441716675759228
573,28.95071831242044
574,29.041643935260957
575,28.7324968176032
576,29.241680305510094
577,29.67812329514457
578,29.49627204946354
579,29.241680305510094
580,29.16893980723768
581,28.96890343698854
582,30.31460265502819
583,28.67794144389889
584,29.932715039098017
585,28.696126568466994
586,29.56901254773595
587,28.459719949081652
588,28.550645571922168
589,28.587015821058376
590,28.93253318785234
591,29.11438443353337
592,29.078014184397162
593,29.368976177486815
594,29.205310056373886
595,28.805237315875615
596,28.277868703400618
597,28.51427532278596
598,28.859792689579923
599,28.7506819421713
600,28.641571194762683
601,30.405528277868704
602,28.89616293871613
603,29.532642298599743
604,28.95071831242044
605,28.29605382796872
606,29.78723404255319
607,28.60520094562648
608,28.7506819421713
609,28.659756319330786
610,28.386979450809235
611,28.49609019821786
612,30.169121658483363
613,29.714493544280778
614,28.95071831242044
615,29.514457174031644
616,28.96890343698854
617,30.078196035642847
618,29.00527368612475
619,28.25968357883252
620,28.53246044735406
621,28.89616293871613
622,29.205310056373886
623,28.60520094562648
624,28.914348063284233
625,28.877977814148025
626,28.914348063284233
627,28.67794144389889
628,28.7324968176032
629,29.8236042916894
630,29.00527368612475
631,28.441534824513546
632,29.805419167121293
633,28.914348063284233
634,29.059829059829063
635,29.132569558101473
636,28.33242407710493
637,28.386979450809235
638,29.514457174031644
639,28.023276959447173
640,28.877977814148025
641,29.714493544280778
642,29.38716130205492
643,29.18712493180578
644,28.386979450809235
645,29.314420803782504
646,28.241498454264413
647,28.60520094562648
648,28.93253318785234
649,29.259865430078197
650,28.914348063284233
651,29.514457174031644
652,29.878159665393706
653,30.169121658483363
654,28.805237315875615
655,29.368976177486815
656,28.386979450809235
657,28.150572831423897
658,29.769048917985085
659,28.659756319330786
660,29.023458810692855
661,29.00527368612475
662,29.532642298599743
663,29.278050554646303
664,29.278050554646303
665,28.95071831242044
666,28.89616293871613
667,29.478086924895436
668,28.587015821058376
669,28.914348063284233
670,29.33260592835061
671,28.441534824513546
672,29.42353155119112
673,29.11438443353337
674,29.8236042916894
675,29.059829059829063
676,28.89616293871613
677,28.877977814148025
678,30.11456628477905
679,29.350791052918712
680,29.023458810692855
681,27.986906710310965
682,29.878159665393706
683,29.205310056373886
684,29.18712493180578
685,28.841607565011824
686,29.278050554646303
687,28.386979450809235
688,29.059829059829063
689,29.550827423167846
690,28.423349699945444
691,28.93253318785234
692,29.914529914529915
693,28.696126568466994
694,28.60520094562648
695,29.532642298599743
696,29.623567921440262
697,28.587015821058376
698,29.132569558101473
699,29.16893980723768
700,28.7506819421713
701,28.623386070194577
702,28.56883069649027
703,28.623386070194577
704,29.096199308965264
705,30.04182578650664
706,28.25968357883252
707,29.350791052918712
708,29.49627204946354
709,29.42353155119112
710,28.51427532278596
711,29.22349518094199
712,29.278050554646303
713,28.477905073649758
714,28.805237315875615
715,29.059829059829063
716,28.89616293871613
717,28.25968357883252
718,29.60538279687216
719,29.38716130205492
720,28.768867066739407
721,29.368976177486815
722,29.42353155119112
723,28.33242407710493
724,28.95071831242044
725,28.805237315875615
726,29.64175304600837
727,29.11438443353337
728,29.914529914529915
729,28.96890343698854
730,28.78705219130751
731,29.132569558101473
732,28.67794144389889
733,27.241316603018728
734,28.186943080560102
735,29.89634478996181
736,30.06001091107474
737,28.768867066739407
738,30.35097290416439
739,29.49627204946354
740,29.969085288234226
741,29.49627204946354
742,29.732678668848884
743,28.314238952536826
744,29.696308419712675
745,28.696126568466994
746,28.7506819421713
747,29.023458810692855
748,29.18712493180578
749,28.25968357883252
750,29.041643935260957
751,29.33260592835061
752,29.42353155119112
753,28.7143116930351
754,29.16893980723768
755,29.314420803782504
756,29.38716130205492
757,28.93253318785234
758,28.877977814148025
759,29.750863793416986
760,28.368794326241137
761,28.314238952536826
762,29.205310056373886
763,29.259865430078197
764,29.132569558101473
765,28.07783233315148
766,29.405346426623026
767,29.67812329514457
768,29.314420803782504
769,28.241498454264413
770,28.7506819421713
771,29.16893980723768
772,29.278050554646303
773,28.60520094562648
774,28.150572831423897
775,29.059829059829063
776,29.659938170576467
777,28.987088561556646
778,29.478086924895436
779,28.841607565011824
780,28.49609019821786
781,29.350791052918712
782,29.16893980723768
783,29.278050554646303
784,28.477905073649758
785,28.7506819421713
786,28.67794144389889
787,29.059829059829063
788,29.00527368612475
789,28.841607565011824
790,29.478086924895436
791,29.60538279687216
792,28.423349699945444
793,29.64175304600837
794,28.368794326241137
795,29.514457174031644
796,29.096199308965264
797,29.60538279687216
798,30.132751409347154
799,28.859792689579923
800,28.22331332969631
801,28.587015821058376
802,29.132569558101473
803,29.11438443353337
804,29.296235679214405
805,29.350791052918712
806,28.7324968176032
807,29.859974540825608
808,28.768867066739407
809,29.314420803782504
810,28.768867066739407
811,28.623386070194577
812,29.67812329514457
813,29.259865430078197
814,29.041643935260957
815,29.350791052918712
816,28.7506819421713
817,29.314420803782504
818,29.623567921440262
819,28.859792689579923
820,29.441716675759228
821,29.659938170576467
822,28.441534824513546
823,28.7506819421713
824,29.314420803782504
825,28.33242407710493
826,29.932715039098017
827,29.16893980723768
828,28.641571194762683
829,29.296235679214405
830,29.059829059829063
831,28.641571194762683
832,28.95071831242044
833,28.914348063284233
834,28.205128205128204
835,28.277868703400618
836,28.7324968176032
837,29.878159665393706
838,28.623386070194577
839,29.89634478996181
840,27.986906710310965
841,29.405346426623026
842,29.241680305510094
843,29.696308419712675
844,28.25968357883252
845,29.241680305510094
846,28.623386070194577
847,28.205128205128204
848,29.350791052918712
849,29.314420803782504
850,28.659756319330786
851,28.277868703400618
852,29.15075468266958
853,29.56901254773595
854,28.22331332969631
855,29.041643935260957
856,28.60520094562648
857,29.45990180032733
858,28.33242407710493
859,28.7143116930351
860,28.241498454264413
861,29.15075468266958
862,29.478086924895436
863,29.205310056373886
864,28.805237315875615
865,29.16893980723768
866,28.350609201673034
867,28.914348063284233
868,28.78705219130751
869,29.659938170576467
870,29.368976177486815
871,29.132569558101473
872,29.22349518094199
873,28.96890343698854
874,28.40516457537734
875,28.823422440443718
876,28.51427532278596
877,29.532642298599743
878,29.296235679214405
879,28.96890343698854
880,29.314420803782504
881,28.277868703400618
882,29.478086924895436
883,29.18712493180578
884,28.477905073649758
885,29.078014184397162
886,28.914348063284233
887,28.659756319330786
888,29.11438443353337
889,29.059829059829063
890,29.859974540825608
891,28.7506819421713
892,28.459719949081652
893,30.169121658483363
894,28.805237315875615
895,28.22331332969631
896,28.78705219130751
897,28.67794144389889
898,28.550645571922168
899,29.296235679214405
900,29.132569558101473
901,28.314238952536826
902,28.423349699945444
903,29.60538279687216
904,29.16893980723768
905,29.078014184397162
906,28.7324968176032
907,29.532642298599743
908,28.914348063284233
909,29.67812329514457
910,29.205310056373886
911,28.95071831242044
912,29.478086924895436
913,28.659756319330786
914,29.478086924895436
915,28.7143116930351
916,30.09638116021095
917,29.078014184397162
918,29.696308419712675
919,28.132387706855795
920,28.67794144389889
921,28.51427532278596
922,29.205310056373886
923,29.11438443353337
924,28.823422440443718
925,28.805237315875615
926,28.768867066739407
927,28.368794326241137
928,28.40516457537734
929,28.659756319330786
930,28.877977814148025
931,29.205310056373886
932,29.532642298599743
933,28.78705219130751
934,29.914529914529915
935,29.18712493180578
936,28.67794144389889
937,29.023458810692855
938,29.8417894162575
939,28.186943080560102
940,28.696126568466994
941,29.314420803782504
942,29.205310056373886
943,30.150936533915257
944,29.16893980723768
945,29.00527368612475
946,29.696308419712675
947,29.550827423167846
948,28.132387706855795
949,28.350609201673034
950,29.56901254773595
951,29.350791052918712
952,27.78687034006183
953,29.623567921440262
954,28.205128205128204
955,29.49627204946354
956,29.314420803782504
957,28.49609019821786
958,28.550645571922168
959,28.477905073649758
960,29.532642298599743
961,29.750863793416986
962,29.096199308965264
963,29.49627204946354
964,30.441898527004913
965,29.45990180032733
966,29.769048917985085
967,28.241498454264413
968,28.89616293871613
969,29.22349518094199
970,29.33260592835061
971,28.40516457537734
972,30.09638116021095
973,30.587379523549735
974,29.932715039098017
975,29.514457174031644
976,29.914529914529915
977,28.841607565011824
978,29.441716675759228
979,29.750863793416986
980,28.441534824513546
981,28.423349699945444
982,29.750863793416986
983,29.33260592835061
984,29.11438443353337
985,28.7324968176032
986,28.459719949081652
987,28.95071831242044
988,28.587015821058376
989,29.42353155119112
990,29.278050554646303
991,29.659938170576467
992,29.22349518094199
993,29.278050554646303
994,27.950536461174757
995,29.00527368612475
996,28.40516457537734
997,28.914348063284233
998,29.67812329514457
999,29.15075468266958
1000,29.15075468266958
